player_id,overall,potential,value_eur,wage_eur,age,league_name,league_level,nationality_name
227125,91,91,134500000,4000,28,Women's Super League,1,Australia
227310,91,92,157000000,4000,26,Feminine Division 1,1,Norway
227316,91,91,89500000,3000,31,Feminine Division 1,1,France
246272,90,94,173500000,3000,23,Feminine Division 1,1,France
233746,89,90,125000000,3000,25,Women's Super League,1,Netherlands
245956,89,89,68500000,2000,30,Feminine Division 1,1,Chile
227318,88,88,61000000,2000,32,Feminine Division 1,1,France
227361,88,88,97500000,3000,27,Feminine Division 1,1,France
245802,88,88,97500000,3000,27,Women's Super League,1,England
245872,88,88,72000000,2000,32,Women's Super League,1,Scotland
227392,87,88,83500000,2000,27,Feminine Division 1,1,Canada
233748,87,87,78000000,2000,29,Feminine Division 1,1,Netherlands
237197,87,91,113500000,2000,24,Feminine Division 1,1,France
238257,87,88,75500000,2000,28,Women's Super League,1,England
257008,87,93,128000000,2000,21,Women's Super League,1,England
227255,86,86,68000000,2000,29,Women's Super League,1,England
227323,86,86,72500000,2000,27,Women's Super League,1,Norway
227327,86,87,77500000,2000,27,Feminine Division 1,1,Germany
227350,86,86,66500000,2000,29,Feminine Division 1,1,France
231432,86,86,68000000,2000,28,Feminine Division 1,1,United States
233662,86,89,82000000,2000,26,Feminine Division 1,1,France
259287,86,86,66500000,2000,29,Women's Super League,1,Denmark
262330,86,94,152500000,2000,22,Feminine Division 1,1,United States
264884,86,90,84500000,2000,25,Feminine Division 1,1,Poland
265242,86,89,68500000,1000,26,Women's Super League,1,Austria
265674,86,93,131000000,1000,21,Feminine Division 1,1,France
227346,85,88,61000000,2000,27,Feminine Division 1,1,France
227383,85,88,62500000,2000,26,Women's Super League,1,Canada
232202,85,88,71500000,2000,25,Feminine Division 1,1,France
245697,85,90,81500000,2000,24,Feminine Division 1,1,France
246426,85,90,71500000,2000,25,Women's Super League,1,England
253436,85,92,102500000,1000,23,Women's Super League,1,Spain
226308,84,84,40500000,2000,30,Feminine Division 1,1,Germany
226979,84,85,39000000,2000,29,Feminine Division 1,1,Sweden
226998,84,84,36500000,2000,28,Women's Super League,1,Sweden
227331,84,84,26500000,2000,33,Feminine Division 1,1,France
233751,84,84,40500000,2000,30,Feminine Division 1,1,Netherlands
235657,84,84,41500000,2000,30,Women's Super League,1,England
240030,84,90,63500000,1000,22,Feminine Division 1,1,Australia
241546,84,87,49500000,1000,25,Feminine Division 1,1,France
246641,84,89,52000000,750,21,Feminine Division 1,1,Nigeria
258310,84,84,22500000,1000,31,Women's Super League,1,Germany
261733,84,90,67500000,2000,22,Feminine Division 1,1,France
264963,84,84,41000000,2000,29,Feminine Division 1,1,France
264981,84,85,40500000,2000,28,Feminine Division 1,1,France
265239,84,85,45500000,1000,26,Women's Super League,1,Republic of Ireland
265252,84,84,37000000,2000,29,Women's Super League,1,England
227119,83,83,33000000,1000,28,Women's Super League,1,Australia
227254,83,83,31500000,1000,28,Women's Super League,1,England
227257,83,83,35500000,2000,29,Women's Super League,1,England
227357,83,83,30000000,1000,30,Feminine Division 1,1,France
233150,83,83,32000000,1000,29,Women's Super League,1,Spain
245882,83,89,57500000,1000,23,Women's Super League,1,Scotland
247504,83,85,30000000,1000,29,Women's Super League,1,England
256095,83,88,51000000,1000,24,Feminine Division 1,1,France
263011,83,91,81500000,1000,22,Women's Super League,1,England
264892,83,83,30000000,2000,31,Feminine Division 1,1,Switzerland
264968,83,88,55500000,1000,23,Feminine Division 1,1,France
265240,83,83,31000000,1000,29,Women's Super League,1,Switzerland
226358,82,82,10000000,1000,34,Women's Super League,1,England
227264,82,82,26500000,1000,30,Women's Super League,1,England
227734,82,82,31000000,2000,28,Feminine Division 1,1,Germany
235659,82,82,30500000,1000,28,Women's Super League,1,England
236428,82,83,32000000,1000,27,Women's Super League,1,France
241545,82,83,36000000,1000,26,Feminine Division 1,1,France
242796,82,86,44000000,1000,23,Women's Super League,1,Spain
244059,82,85,41000000,1000,25,Women's Super League,1,Netherlands
247797,82,82,27500000,1000,28,Women's Super League,1,England
253469,82,86,39500000,1000,24,Feminine Division 1,1,France
257001,82,88,48000000,1000,24,Women's Super League,1,England
258706,82,89,62000000,1000,22,Feminine Division 1,1,France
258980,82,90,68000000,1000,23,Women's Super League,1,England
264866,82,90,64000000,900,21,Feminine Division 1,1,France
265243,82,85,36500000,1000,26,Women's Super League,1,Switzerland
265275,82,82,30500000,1000,28,Women's Super League,1,England
265286,82,82,29500000,1000,27,Women's Super League,1,Finland
265311,82,89,61000000,1000,23,Women's Super League,1,Switzerland
265319,82,89,58000000,1000,23,Women's Super League,1,England
265841,82,82,29000000,1000,30,Feminine Division 1,1,Slovakia
268303,82,91,68000000,1000,23,Women's Super League,1,Venezuela
226354,81,81,25500000,1000,28,Women's Super League,1,Germany
227110,81,81,27500000,1000,27,Women's Super League,1,Australia
227118,81,81,4400000,900,34,Feminine Division 1,1,Australia
227326,81,81,8500000,900,36,Feminine Division 1,1,France
227347,81,81,17000000,1000,32,Feminine Division 1,1,France
227355,81,81,5500000,800,37,Feminine Division 1,1,France
227421,81,81,17500000,1000,31,Women's Super League,1,Brazil
228585,81,81,17000000,1000,32,Feminine Division 1,1,France
228800,81,87,33000000,750,24,Feminine Division 1,1,Mexico
231087,81,81,24500000,1000,30,Women's Super League,1,England
231347,81,81,22000000,1000,30,Feminine Division 1,1,France
233364,81,84,34000000,1000,26,Women's Super League,1,Sweden
245830,81,84,34000000,1000,25,Women's Super League,1,Japan
245878,81,81,25000000,1000,30,Women's Super League,1,Scotland
256489,81,81,26500000,1000,28,Women's Super League,1,England
263013,81,88,48000000,950,23,Women's Super League,1,England
264974,81,81,27500000,1000,27,Feminine Division 1,1,Switzerland
264976,81,88,53000000,1000,22,Women's Super League,1,Poland
264987,81,81,22500000,1000,29,Feminine Division 1,1,Switzerland
265040,81,84,26500000,850,25,Feminine Division 1,1,Czech Republic
265262,81,85,31500000,1000,26,Women's Super League,1,England
265271,81,82,25000000,1000,28,Women's Super League,1,Wales
265273,81,85,32000000,1000,26,Women's Super League,1,England
265293,81,93,59500000,800,20,Women's Super League,1,England
265304,81,83,29500000,1000,26,Women's Super League,1,Czech Republic
227003,80,80,23000000,1000,26,Women's Super League,1,Sweden
227348,80,80,21000000,1000,28,Women's Super League,1,France
227353,80,80,20000000,1000,30,Women's Super League,1,France
227387,80,86,33000000,1000,24,Women's Super League,1,Canada
235594,80,80,17500000,1000,29,Women's Super League,1,Canada
238096,80,88,47000000,1000,23,Women's Super League,1,Canada
241549,80,85,28000000,1000,25,Women's Super League,1,France
245696,80,80,7000000,1000,34,Feminine Division 1,1,France
245826,80,81,22500000,1000,26,Women's Super League,1,Japan
247796,80,89,41000000,700,22,Women's Super League,1,England
263007,80,88,47000000,1000,23,Women's Super League,1,England
264864,80,89,47500000,950,21,Feminine Division 1,1,France
264962,80,87,40000000,900,23,Feminine Division 1,1,France
264971,80,81,25000000,1000,26,Feminine Division 1,1,Poland
264982,80,86,33000000,1000,23,Feminine Division 1,1,Poland
265250,80,80,20000000,1000,30,Women's Super League,1,Wales
265296,80,80,13500000,1000,32,Women's Super League,1,England
265326,80,85,29000000,1000,25,Women's Super League,1,England
265536,80,88,44500000,900,22,Feminine Division 1,1,Netherlands
265901,80,82,26000000,1000,26,Feminine Division 1,1,United States
271568,80,81,24500000,1000,26,Women's Super League,1,Serbia
271739,80,85,31500000,1000,24,Women's Super League,1,Japan
227116,79,79,14500000,1000,31,Women's Super League,1,Australia
227137,79,79,18500000,1000,27,Women's Super League,1,Australia
227252,79,79,17000000,1000,30,Women's Super League,1,England
227300,79,79,15500000,1000,29,Women's Super League,1,Germany
227351,79,79,18500000,1000,27,Feminine Division 1,1,France
233338,79,79,14000000,1000,32,Women's Super League,1,New Zealand
233752,79,79,17000000,1000,29,Women's Super League,1,Netherlands
236648,79,81,18500000,1000,27,Women's Super League,1,France
239761,79,88,39500000,950,22,Women's Super League,1,Norway
241548,79,79,17500000,1000,28,Feminine Division 1,1,France
244304,79,79,14500000,1000,29,Feminine Division 1,1,Germany
246317,79,85,25000000,850,23,Women's Super League,1,Netherlands
261785,79,79,9000000,1000,33,Feminine Division 1,1,Belgium
264865,79,85,22500000,650,24,Feminine Division 1,1,France
264969,79,88,36500000,700,20,Feminine Division 1,1,France
265260,79,79,12500000,1000,31,Women's Super League,1,England
265263,79,79,8500000,1000,34,Women's Super League,1,England
265294,79,84,23500000,950,25,Women's Super League,1,Republic of Ireland
265295,79,82,17000000,800,27,Women's Super League,1,Republic of Ireland
265300,79,79,14500000,1000,30,Women's Super League,1,Iceland
265303,79,79,8500000,1000,33,Women's Super League,1,England
265323,79,79,17000000,1000,29,Women's Super League,1,Germany
265352,79,89,37500000,700,21,Women's Super League,1,Wales
265834,79,86,32500000,850,24,Feminine Division 1,1,France
265843,79,79,17500000,1000,28,Feminine Division 1,1,France
265855,79,79,16000000,1000,28,Feminine Division 1,1,France
265893,79,81,18500000,1000,27,Feminine Division 1,1,France
227109,78,81,16000000,900,27,Women's Super League,1,Australia
227356,78,78,10000000,900,31,Feminine Division 1,1,France
227925,78,81,13000000,800,28,Women's Super League,1,Australia
233342,78,78,12000000,950,29,Women's Super League,1,New Zealand
243379,78,83,16000000,750,26,Women's Super League,1,Sweden
244301,78,79,10500000,750,30,Feminine Division 1,1,Germany
245443,78,83,20500000,950,25,Women's Super League,1,Italy
245873,78,78,9500000,900,31,Women's Super League,1,Scotland
245875,78,78,9000000,900,32,Women's Super League,1,Scotland
246572,78,78,12000000,950,29,Feminine Division 1,1,Cameroon
247461,78,85,25500000,850,25,Women's Super League,1,Sweden
264807,78,83,19000000,850,25,Feminine Division 1,1,Canada
264895,78,83,17000000,600,23,Feminine Division 1,1,France
264978,78,85,24500000,500,21,Feminine Division 1,1,Finland
265247,78,83,19000000,800,24,Women's Super League,1,England
265267,78,78,1600000,500,36,Women's Super League,1,Finland
265324,78,78,11500000,1000,31,Women's Super League,1,England
265346,78,79,13000000,950,29,Women's Super League,1,England
265350,78,80,15500000,850,25,Women's Super League,1,Wales
265353,78,78,7500000,900,33,Women's Super League,1,Wales
265833,78,78,12500000,950,29,Feminine Division 1,1,France
265849,78,86,29500000,800,22,Feminine Division 1,1,France
265864,78,80,17500000,950,25,Feminine Division 1,1,Costa Rica
265897,78,85,27000000,650,21,Feminine Division 1,1,France
265898,78,89,29500000,500,18,Feminine Division 1,1,Haiti
265903,78,83,21500000,850,22,Feminine Division 1,1,France
267661,78,78,14000000,1000,29,Feminine Division 1,1,France
227018,77,77,10500000,950,29,Women's Super League,1,Japan
227201,77,77,8500000,950,31,Women's Super League,1,Spain
227251,77,77,5000000,1000,34,Women's Super League,1,England
227282,77,77,7500000,850,32,Women's Super League,1,Norway
227397,77,77,10500000,1000,29,Women's Super League,1,Canada
227649,77,77,4900000,950,34,Women's Super League,1,Korea Republic
233330,77,77,9000000,900,29,Women's Super League,1,Norway
242829,77,78,9500000,900,29,Women's Super League,1,England
246029,77,77,11000000,1000,28,Women's Super League,1,Korea Republic
246219,77,82,15500000,950,25,Women's Super League,1,Jamaica
246568,77,77,7500000,850,32,Feminine Division 1,1,Cameroon
247535,77,77,11500000,950,26,Women's Super League,1,Norway
253435,77,88,22000000,600,21,Women's Super League,1,Spain
258704,77,84,19500000,750,24,Feminine Division 1,1,France
261786,77,77,10000000,950,30,Women's Super League,1,Belgium
263009,77,85,20500000,500,21,Women's Super League,1,England
263966,77,93,27000000,550,19,Women's Super League,1,Sweden
264885,77,85,22000000,600,20,Feminine Division 1,1,France
265011,77,85,21500000,500,19,Feminine Division 1,1,Switzerland
265254,77,77,5500000,700,31,Women's Super League,1,Jamaica
265281,77,77,10000000,950,30,Women's Super League,1,England
265301,77,84,19500000,750,24,Women's Super League,1,England
265845,77,85,22500000,600,21,Feminine Division 1,1,France
265859,77,84,20000000,750,23,Feminine Division 1,1,France
265872,77,80,12500000,850,26,Feminine Division 1,1,Russia
265878,77,79,11500000,850,27,Feminine Division 1,1,France
265879,77,84,20500000,750,22,Feminine Division 1,1,France
265937,77,79,13500000,800,24,Feminine Division 1,1,France
265941,77,83,15500000,750,24,Feminine Division 1,1,France
266551,77,83,14500000,800,25,Women's Super League,1,England
227354,76,76,7000000,850,30,Feminine Division 1,1,France
242895,76,77,9000000,850,26,Women's Super League,1,Norway
248799,76,90,18000000,500,19,Women's Super League,1,Australia
258915,76,76,6500000,800,30,Women's Super League,1,Sweden
265225,76,80,9500000,750,25,Women's Super League,1,England
265258,76,87,17000000,700,21,Women's Super League,1,England
265277,76,79,10000000,950,26,Women's Super League,1,England
265283,76,76,7500000,1000,29,Women's Super League,1,England
265297,76,77,8500000,850,27,Women's Super League,1,England
265332,76,76,6500000,800,30,Women's Super League,1,England
265348,76,81,10500000,700,24,Women's Super League,1,England
265351,76,77,6000000,700,29,Women's Super League,1,Republic of Ireland
265850,76,86,15000000,500,19,Feminine Division 1,1,France
265860,76,86,17000000,650,21,Feminine Division 1,1,France
265861,76,77,9000000,850,25,Feminine Division 1,1,France
265875,76,82,11000000,700,23,Feminine Division 1,1,France
265877,76,79,10000000,850,26,Feminine Division 1,1,England
265894,76,78,8500000,750,25,Feminine Division 1,1,Haiti
265896,76,84,15500000,550,20,Feminine Division 1,1,France
265905,76,87,16000000,500,18,Feminine Division 1,1,France
265947,76,81,11000000,900,25,Feminine Division 1,1,Haiti
266598,76,83,15000000,750,24,Women's Super League,1,Finland
267660,76,79,10000000,750,24,Feminine Division 1,1,Mali
267673,76,76,7500000,1000,28,Feminine Division 1,1,Portugal
268262,76,85,16500000,700,20,Feminine Division 1,1,Côte d'Ivoire
227349,75,75,3000000,600,31,Feminine Division 1,1,France
231088,75,75,4600000,750,30,Women's Super League,1,England
233200,75,75,5500000,900,30,Women's Super League,1,Australia
240718,75,79,8000000,800,25,Feminine Division 1,1,Netherlands
245877,75,75,4800000,800,28,Women's Super League,1,Scotland
245889,75,75,5000000,800,28,Women's Super League,1,Scotland
246208,75,82,10500000,650,23,Feminine Division 1,1,Jamaica
256094,75,80,7500000,700,25,Feminine Division 1,1,France
258705,75,79,6000000,600,27,Feminine Division 1,1,France
263012,75,79,7000000,700,25,Women's Super League,1,England
263964,75,80,8500000,700,24,Women's Super League,1,Sweden
264896,75,85,12500000,700,20,Women's Super League,1,Norway
264900,75,88,13000000,500,18,Feminine Division 1,1,France
264904,75,82,11000000,700,23,Feminine Division 1,1,France
264941,75,80,6500000,600,25,Feminine Division 1,1,Sweden
264958,75,81,7000000,500,23,Feminine Division 1,1,France
264959,75,84,11500000,550,20,Feminine Division 1,1,France
264979,75,76,6500000,900,26,Feminine Division 1,1,France
265096,75,83,12000000,550,21,Feminine Division 1,1,France
265217,75,79,8000000,700,24,Women's Super League,1,Greece
265234,75,88,13500000,700,20,Women's Super League,1,England
265265,75,76,6500000,900,26,Women's Super League,1,Morocco
265274,75,80,8500000,700,24,Women's Super League,1,Scotland
265290,75,75,2600000,850,34,Women's Super League,1,Wales
265844,75,77,4800000,650,28,Feminine Division 1,1,Canada
265853,75,81,9000000,800,23,Feminine Division 1,1,Haiti
265858,75,75,2100000,750,34,Feminine Division 1,1,France
265931,75,82,10500000,550,21,Feminine Division 1,1,France
265948,75,81,8500000,550,21,Feminine Division 1,1,France
265961,75,75,5500000,950,29,Feminine Division 1,1,Haiti
266592,75,75,3500000,850,33,Women's Super League,1,Denmark
267652,75,80,7500000,700,25,Feminine Division 1,1,France
267653,75,85,12500000,600,20,Feminine Division 1,1,France
269218,75,75,6000000,900,27,Feminine Division 1,1,France
231349,74,76,5500000,850,26,Feminine Division 1,1,France
241491,74,79,6000000,750,25,Women's Super League,1,Sweden
242784,74,74,4200000,800,28,Women's Super League,1,England
245876,74,74,3700000,750,29,Women's Super League,1,Scotland
258979,74,82,8000000,500,24,Women's Super League,1,England
265219,74,81,8000000,600,24,Women's Super League,1,Nigeria
265231,74,77,5500000,800,25,Women's Super League,1,England
265237,74,84,8500000,600,23,Women's Super League,1,England
265284,74,82,9500000,650,23,Women's Super League,1,England
265299,74,77,5500000,850,26,Women's Super League,1,England
265340,74,92,11000000,650,20,Women's Super League,1,England
265354,74,74,4100000,800,29,Women's Super League,1,Wales
265836,74,74,4500000,750,27,Feminine Division 1,1,Spain
265865,74,82,9500000,650,22,Feminine Division 1,1,France
265887,74,74,4000000,750,30,Feminine Division 1,1,France
265906,74,78,6000000,750,25,Feminine Division 1,1,France
265910,74,79,5500000,650,25,Feminine Division 1,1,France
265915,74,74,4200000,850,29,Feminine Division 1,1,France
265956,74,79,6000000,600,24,Feminine Division 1,1,Portugal
266915,74,82,9000000,600,23,Women's Super League,1,England
266923,74,82,9500000,750,23,Women's Super League,1,Republic of Ireland
267501,74,74,4100000,700,27,Women's Super League,1,United States
267651,74,83,8500000,500,19,Feminine Division 1,1,France
269211,74,74,1900000,750,34,Feminine Division 1,1,France
269214,74,74,4200000,800,28,Feminine Division 1,1,France
270890,74,80,5500000,500,24,Women's Super League,1,United States
271054,74,78,6000000,750,25,Women's Super League,1,Korea Republic
271137,74,74,3600000,700,30,Women's Super League,1,England
226350,73,73,3000000,750,30,Women's Super League,1,United States
227408,73,78,4000000,600,25,Feminine Division 1,1,Canada
247477,73,80,6000000,600,24,Women's Super League,1,Sweden
264946,73,79,4900000,650,24,Feminine Division 1,1,Denmark
265012,73,82,6500000,550,23,Women's Super League,1,Denmark
265201,73,73,2000000,650,32,Feminine Division 1,1,Denmark
265226,73,74,3600000,750,27,Women's Super League,1,England
265233,73,81,6500000,600,23,Women's Super League,1,England
265253,73,86,7000000,500,20,Women's Super League,1,England
265261,73,75,3800000,700,26,Women's Super League,1,England
265320,73,74,2900000,650,28,Women's Super League,1,England
265325,73,73,2500000,700,31,Women's Super League,1,Republic of Ireland
265337,73,78,4000000,650,26,Women's Super League,1,Denmark
265863,73,82,6500000,500,21,Feminine Division 1,1,France
265882,73,73,3200000,700,27,Feminine Division 1,1,France
265907,73,78,4100000,600,25,Feminine Division 1,1,France
265908,73,82,6500000,550,22,Feminine Division 1,1,France
265924,73,73,1000000,650,34,Feminine Division 1,1,France
265944,73,81,6500000,500,20,Feminine Division 1,1,France
266254,73,83,7000000,500,21,Women's Super League,1,Norway
266922,73,78,4600000,600,24,Women's Super League,1,Wales
267644,73,75,2900000,500,26,Feminine Division 1,1,France
268011,73,74,2800000,650,29,Women's Super League,1,United States
268649,73,76,4100000,750,25,Feminine Division 1,1,Canada
269203,73,73,2900000,650,27,Feminine Division 1,1,France
269208,73,76,3500000,650,27,Feminine Division 1,1,United States
269213,73,79,4900000,600,22,Feminine Division 1,1,France
269216,73,78,4700000,650,24,Feminine Division 1,1,Portugal
269805,73,79,3800000,500,25,Feminine Division 1,1,Poland
270159,73,79,4600000,550,22,Feminine Division 1,1,France
270526,73,82,6500000,550,22,Feminine Division 1,1,Poland
270612,73,73,2500000,650,30,Feminine Division 1,1,Belgium
271347,73,73,2200000,650,31,Women's Super League,1,Denmark
271742,73,88,7000000,500,19,Women's Super League,1,Brazil
227256,72,72,1600000,550,31,Women's Super League,1,England
233251,72,72,1900000,550,30,Feminine Division 1,1,France
233354,72,72,2300000,550,27,Women's Super League,1,New Zealand
246235,72,72,2300000,650,29,Women's Super League,1,England
261863,72,80,4600000,500,22,Feminine Division 1,1,Belgium
264233,72,85,5500000,500,20,Women's Super League,1,Norway
265227,72,76,2600000,500,25,Women's Super League,1,England
265268,72,75,2700000,550,26,Women's Super League,1,England
265307,72,81,4900000,500,23,Women's Super League,1,England
265334,72,77,3200000,500,24,Women's Super League,1,England
265335,72,77,3600000,600,24,Women's Super League,1,Denmark
265336,72,82,5000000,500,22,Women's Super League,1,England
265341,72,72,1900000,600,31,Women's Super League,1,England
265347,72,85,5500000,500,20,Women's Super League,1,England
265913,72,72,2000000,550,30,Feminine Division 1,1,Tunisia
266601,72,84,5500000,500,21,Women's Super League,1,Denmark
266793,72,72,1100000,550,33,Women's Super League,1,Republic of Ireland
266907,72,72,1200000,500,31,Women's Super League,1,England
266913,72,72,750000,550,34,Women's Super League,1,Republic of Ireland
266914,72,72,2000000,600,29,Women's Super League,1,England
266918,72,81,5000000,500,21,Women's Super League,1,England
266920,72,72,1100000,600,34,Women's Super League,1,Northern Ireland
266947,72,72,2300000,650,28,Feminine Division 1,1,United States
267650,72,83,4800000,500,19,Feminine Division 1,1,France
267656,72,73,2800000,600,26,Feminine Division 1,1,France
268642,72,83,4400000,500,19,Feminine Division 1,1,France
270144,72,81,4600000,500,18,Feminine Division 1,1,France
270146,72,72,2200000,600,30,Feminine Division 1,1,France
270150,72,74,2700000,550,26,Feminine Division 1,1,France
270558,72,76,2500000,500,26,Feminine Division 1,1,Algeria
270619,72,77,3400000,600,25,Feminine Division 1,1,France
271232,72,72,2400000,700,28,Women's Super League,1,Northern Ireland
242027,71,71,2000000,550,27,Feminine Division 1,1,Canada
242524,71,84,4000000,500,21,Women's Super League,1,New Zealand
264875,71,82,4000000,500,21,Women's Super League,1,Netherlands
265002,71,85,4300000,500,17,Feminine Division 1,1,France
265222,71,75,2000000,500,26,Women's Super League,1,England
265289,71,84,4400000,500,19,Women's Super League,1,England
265292,71,87,4800000,500,19,Women's Super League,1,England
265312,71,72,2200000,550,26,Women's Super League,1,England
265317,71,85,4300000,500,18,Women's Super League,1,England
265914,71,78,3500000,500,22,Feminine Division 1,1,France
265981,71,74,2200000,500,26,Feminine Division 1,1,France
266912,71,71,1600000,500,28,Women's Super League,1,England
266926,71,71,1800000,600,30,Women's Super League,1,Belgium
267293,71,71,1600000,500,28,Women's Super League,1,Wales
267662,71,78,3800000,500,23,Feminine Division 1,1,France
267674,71,82,4200000,500,21,Feminine Division 1,1,Brazil
267675,71,83,4400000,500,19,Feminine Division 1,1,Montenegro
268659,71,78,3500000,500,23,Feminine Division 1,1,France
269200,71,77,2400000,500,24,Feminine Division 1,1,Russia
270049,71,76,2800000,500,24,Feminine Division 1,1,France
270142,71,74,2200000,500,26,Feminine Division 1,1,France
270148,71,78,3800000,500,22,Feminine Division 1,1,France
270192,71,71,1600000,500,22,Women's Super League,1,England
270606,71,83,4500000,500,20,Women's Super League,1,Republic of Ireland
271233,71,76,2900000,500,24,Women's Super League,1,England
264831,70,77,3000000,500,24,Women's Super League,1,Australia
264965,70,81,3500000,500,20,Feminine Division 1,1,France
264996,70,78,3400000,500,23,Women's Super League,1,Austria
265230,70,79,3600000,500,21,Women's Super League,1,England
265249,70,80,3500000,500,20,Women's Super League,1,England
265315,70,84,3800000,500,19,Women's Super League,1,England
265331,70,73,1600000,500,26,Women's Super League,1,Republic of Ireland
265842,70,82,3900000,500,20,Feminine Division 1,1,France
265979,70,74,2000000,500,25,Feminine Division 1,1,France
266916,70,71,1500000,500,29,Women's Super League,1,Republic of Ireland
267666,70,70,775000,500,34,Feminine Division 1,1,Côte d'Ivoire
268304,70,73,2100000,500,25,Feminine Division 1,1,United States
268660,70,75,2200000,500,24,Feminine Division 1,1,Canada
269829,70,81,3500000,500,20,Feminine Division 1,1,France
270149,70,79,3100000,500,22,Feminine Division 1,1,France
270162,70,80,3400000,500,22,Feminine Division 1,1,France
270181,70,77,3300000,500,22,Feminine Division 1,1,France
270468,70,83,3800000,500,20,Women's Super League,1,Republic of Ireland
270895,70,78,3400000,500,22,Feminine Division 1,1,France
270896,70,76,2600000,500,22,Feminine Division 1,1,France
271231,70,74,1700000,500,25,Women's Super League,1,Northern Ireland
271314,70,71,1900000,500,27,Feminine Division 1,1,Côte d'Ivoire
271823,70,70,1200000,500,31,Women's Super League,1,Northern Ireland
246968,69,72,1800000,500,25,Women's Super League,1,Scotland
264898,69,79,2900000,500,20,Feminine Division 1,1,France
264961,69,82,3100000,500,18,Feminine Division 1,1,France
265223,69,72,1600000,500,26,Women's Super League,1,England
265269,69,78,2700000,500,21,Women's Super League,1,England
265309,69,85,3600000,500,19,Women's Super League,1,England
265970,69,74,1700000,500,24,Feminine Division 1,1,Canada
266911,69,84,3200000,500,19,Women's Super League,1,England
267654,69,78,3100000,500,21,Feminine Division 1,1,France
268988,69,71,1500000,500,27,Feminine Division 1,1,Côte d'Ivoire
270143,69,79,3000000,500,18,Feminine Division 1,1,France
270145,69,71,1500000,500,26,Feminine Division 1,1,France
270158,69,77,3200000,500,22,Feminine Division 1,1,France
270171,69,72,1400000,500,26,Feminine Division 1,1,France
270173,69,77,3000000,500,22,Feminine Division 1,1,France
270175,69,71,1600000,500,26,Feminine Division 1,1,France
228081,68,68,1000000,500,30,Women's Super League,1,England
265259,68,68,1200000,500,29,Women's Super League,1,Wales
265840,68,80,2700000,500,19,Feminine Division 1,1,France
265912,68,70,1500000,500,25,Feminine Division 1,1,Israel
265984,68,75,2200000,500,23,Feminine Division 1,1,France
266451,68,76,2300000,500,23,Women's Super League,1,Scotland
266548,68,81,2800000,500,21,Women's Super League,1,Russia
266917,68,68,1000000,500,31,Women's Super League,1,Wales
267648,68,79,2200000,500,19,Feminine Division 1,1,France
268634,68,79,2600000,500,19,Feminine Division 1,1,Cameroon
270147,68,79,2500000,500,18,Feminine Division 1,1,France
270154,68,75,2500000,500,22,Feminine Division 1,1,England
270176,68,76,2700000,500,22,Feminine Division 1,1,France
270178,68,70,1500000,500,26,Feminine Division 1,1,France
270194,68,68,1300000,500,22,Women's Super League,1,England
270333,68,75,2400000,500,23,Feminine Division 1,1,Algeria
270464,68,80,2800000,500,18,Feminine Division 1,1,Ukraine
270831,68,69,1300000,500,27,Feminine Division 1,1,Turkey
265246,67,67,1000000,500,29,Women's Super League,1,Jamaica
265339,67,74,2000000,500,21,Women's Super League,1,England
265895,67,79,2200000,500,17,Feminine Division 1,1,France
270153,67,76,2100000,500,18,Feminine Division 1,1,France
270179,67,69,1100000,500,26,Feminine Division 1,1,France
270180,67,69,1300000,500,26,Feminine Division 1,1,France
270664,67,84,2600000,500,18,Women's Super League,1,England
270904,67,76,2300000,500,22,Feminine Division 1,1,France
264993,66,79,2000000,500,19,Feminine Division 1,1,France
265092,66,82,2000000,500,18,Feminine Division 1,1,France
265343,66,81,1900000,500,19,Women's Super League,1,Wales
268060,66,81,2000000,500,18,Feminine Division 1,1,France
270152,66,75,1900000,500,22,Feminine Division 1,1,France
270161,66,75,1900000,500,22,Feminine Division 1,1,France
270170,66,69,1000000,500,26,Feminine Division 1,1,France
271728,66,74,1800000,500,22,Women's Super League,1,Norway
264944,65,78,1700000,500,19,Feminine Division 1,1,France
264951,65,78,1700000,500,19,Feminine Division 1,1,France
265892,65,79,1500000,500,17,Feminine Division 1,1,France
265916,65,76,1500000,500,20,Feminine Division 1,1,France
266591,65,80,1700000,500,18,Women's Super League,1,England
266910,65,70,875000,500,23,Women's Super League,1,Canada
266921,65,68,950000,500,25,Women's Super League,1,England
268989,65,69,775000,500,25,Feminine Division 1,1,France
270155,65,73,1500000,500,22,Feminine Division 1,1,England
270177,65,65,700000,500,30,Feminine Division 1,1,France
270406,65,83,1600000,500,19,Women's Super League,1,England
264952,64,77,1200000,500,20,Feminine Division 1,1,France
264953,64,78,1300000,500,18,Feminine Division 1,1,France
265248,64,80,1400000,500,18,Women's Super League,1,England
265338,64,64,625000,500,27,Women's Super League,1,Northern Ireland
265342,64,84,1500000,500,18,Women's Super League,1,England
269921,64,70,750000,500,24,Feminine Division 1,1,France
269972,64,81,1400000,500,18,Feminine Division 1,1,France
270166,64,66,675000,500,26,Feminine Division 1,1,France
270167,64,71,1200000,500,22,Feminine Division 1,1,France
270168,64,66,725000,500,26,Feminine Division 1,1,France
270187,64,74,1200000,500,18,Feminine Division 1,1,France
270407,64,82,1500000,500,18,Women's Super League,1,England
271259,64,79,1400000,500,20,Feminine Division 1,1,Côte d'Ivoire
271740,64,78,1400000,500,19,Women's Super League,1,Wales
266526,63,70,825000,500,23,Women's Super League,1,England
266556,63,77,1100000,500,19,Women's Super League,1,England
266570,63,82,1200000,500,18,Women's Super League,1,Wales
267667,63,76,1100000,500,18,Feminine Division 1,1,France
270186,63,74,875000,500,18,Feminine Division 1,1,France
270665,63,79,1100000,500,19,Women's Super League,1,England
270819,63,80,1200000,500,18,Feminine Division 1,1,Thailand
270967,63,82,1100000,500,17,Feminine Division 1,1,France
271155,63,85,1500000,500,18,Women's Super League,1,Norway
265902,62,76,850000,500,17,Feminine Division 1,1,France
266457,62,75,875000,500,18,Women's Super League,1,England
268000,62,80,1000000,500,17,Feminine Division 1,1,France
269943,62,77,800000,500,18,Feminine Division 1,1,France
265279,61,67,400000,500,25,Women's Super League,1,England
270183,61,63,400000,500,26,Feminine Division 1,1,France
265221,60,69,550000,500,23,Women's Super League,1,England
265224,60,68,550000,500,23,Women's Super League,1,England
265256,60,68,500000,500,19,Women's Super League,1,Wales
265333,60,71,525000,500,19,Women's Super League,1,England
266568,60,80,600000,500,18,Women's Super League,1,England
271821,60,78,550000,500,18,Women's Super League,1,England
265291,59,72,525000,500,18,Women's Super League,1,England
271107,59,79,575000,500,18,Women's Super League,1,Scotland
265228,58,69,450000,500,19,Women's Super League,1,England
267585,58,70,475000,500,17,Women's Super League,1,England
265255,57,71,325000,500,18,Women's Super League,1,England
265257,57,72,375000,500,19,Women's Super League,1,England
265298,57,77,450000,500,19,Women's Super League,1,England
266504,57,72,400000,500,19,Women's Super League,1,England
270182,57,65,350000,500,22,Feminine Division 1,1,Belgium
270184,57,66,375000,500,22,Feminine Division 1,1,Italy